chromosome	base_pair_location	p_value	effect_allele	other_allele	effect_allele_frequency	beta	standard_error
10	13083627	2.583e-05	t	c	0.7399	-0.4064	0.0966
10	13083777	2.607e-05	t	c	0.2597	0.4062	0.0966
10	13083917	4.736e-05	a	g	0.2393	0.4048	0.0995
10	13084840	1.954e-05	t	c	0.736	-0.4119	0.0965
10	31128328	4.688e-05	c	g	0.8203	-0.4403	0.1082
10	31130983	3.962e-05	t	g	0.8182	-0.4409	0.1073
10	45447546	4.941e-05	a	g	0.0322	0.976	0.2405
10	47681417	4.464e-05	t	c	0.5521	0.4214	0.1032
10	53904244	3.121e-06	t	c	0.0217	1.493	0.3202
10	56907529	2.929e-05	a	g	0.0148	1.532	0.3666
10	6568615	3.068e-05	c	g	0.0316	0.9539	0.2288
10	6568920	3.08e-05	c	g	0.0284	0.9816	0.2355
10	6576493	3.621e-05	a	g	0.0313	0.932	0.2256
10	6582929	4.447e-05	a	g	0.0312	0.919	0.2251
10	6584451	4.269e-05	t	c	0.9688	-0.9221	0.2253
10	6585414	4.451e-05	a	g	0.9689	-0.9206	0.2255
10	6586142	4.074e-05	t	c	0.0311	0.9255	0.2256
10	6587015	3.983e-05	a	g	0.9685	-0.9247	0.2251
10	6587236	4.432e-05	a	g	0.0312	0.9191	0.2251
10	6587672	4.425e-05	t	c	0.9688	-0.9192	0.2251
10	6588017	4.8e-05	a	g	0.0312	0.9138	0.2248
10	6593164	4.394e-05	a	t	0.0311	0.92	0.2252
10	6596538	4.548e-05	c	g	0.9685	-0.9213	0.2259
10	6597368	4.859e-05	t	c	0.9685	-0.9195	0.2264
10	6598558	4.934e-05	a	g	0.9685	-0.9178	0.2261
10	6600268	4.876e-05	t	c	0.9683	-0.9468	0.2331
10	6600833	4.606e-05	t	c	0.9684	-0.9493	0.233
10	6600911	4.868e-05	c	g	0.9683	-0.9469	0.2331
10	6601853	4.603e-05	t	c	0.9685	-0.9514	0.2335
10	6601948	4.513e-05	t	g	0.0315	0.952	0.2334
10	6602217	4.648e-05	a	g	0.0315	0.9496	0.2332
10	6602267	4.92e-05	c	g	0.9683	-0.9471	0.2333
10	6602750	4.684e-05	a	c	0.9684	-0.9489	0.2331
10	6603310	4.457e-05	a	c	0.9685	-0.9522	0.2332
10	6603917	4.174e-05	t	c	0.0316	0.9555	0.2332
11	130114516	4.191e-05	t	c	0.9859	-1.4653	0.3577
11	130114890	4.093e-05	a	t	0.0141	1.4698	0.3583
11	130125538	4.839e-05	t	c	0.0141	1.4564	0.3584
11	130128324	4.839e-05	a	c	0.9859	-1.4564	0.3584
11	130132187	4.92e-05	a	c	0.0141	1.4552	0.3585
11	130134441	4.446e-05	t	g	0.0141	1.4617	0.358
11	130137734	4.395e-05	a	g	0.0141	1.4623	0.3579
11	130138196	4.395e-05	t	c	0.0141	1.4623	0.3579
11	130139093	4.395e-05	a	t	0.0141	1.4623	0.3579
11	130140881	4.602e-05	a	c	0.0143	1.4576	0.3577
11	130143364	4.733e-05	t	c	0.9857	-1.4569	0.3581
11	130144801	4.603e-05	t	c	0.0142	1.4586	0.3579
11	130145137	4.603e-05	a	g	0.0142	1.4586	0.3579
11	130156325	4.549e-05	a	c	0.0146	1.4521	0.3561
11	130158301	4.569e-05	a	t	0.0146	1.4508	0.3559
11	130159722	3.706e-05	a	g	0.0148	1.4575	0.3533
11	130160115	3.706e-05	a	g	0.9852	-1.4575	0.3533
11	130160615	3.706e-05	t	c	0.9852	-1.4575	0.3533
11	130160904	3.741e-05	a	g	0.0148	1.4569	0.3534
11	130161698	4.646e-05	a	g	0.9854	-1.4496	0.3559
11	130162806	4.689e-05	t	g	0.0146	1.449	0.356
11	130163606	4.767e-05	a	g	0.9853	-1.4478	0.356
11	130164836	4.971e-05	t	c	0.0147	1.4426	0.3556
11	130165788	3.932e-05	t	c	0.9851	-1.451	0.3529
11	130171272	3.776e-05	a	g	0.9851	-1.4564	0.3534
11	130172794	3.62e-05	t	c	0.9852	-1.4613	0.3538
11	130176136	3.654e-05	a	g	0.9852	-1.4607	0.3538
11	130181724	3.948e-05	t	c	0.0149	1.4535	0.3536
11	130182430	3.848e-05	t	c	0.0148	1.4573	0.354
11	130182501	4.014e-05	c	g	0.9851	-1.4523	0.3537
11	130183646	4.014e-05	c	g	0.0149	1.4523	0.3537
11	74111660	3.914e-06	a	g	0.0438	0.969	0.2099
11	80980751	1.481e-05	a	g	0.0135	1.568	0.362
11	81007023	3.716e-05	a	c	0.9835	-1.418	0.3438
11	82158772	1.519e-05	t	c	0.9899	-1.903	0.4399
11	82273696	4.793e-06	a	g	0.9824	-1.534	0.3354
11	82477705	4.936e-05	t	c	0.0105	1.675	0.4127
12	106056032	4.057e-05	a	g	0.9597	-0.8032	0.1957
12	107860571	4.593e-05	a	g	0.7842	-0.415	0.1018
12	107860580	4e-05	a	t	0.2159	0.418	0.1018
12	107886540	4.822e-05	a	t	0.2236	0.4033	0.0992
12	10985756	4.021e-05	t	c	0.0179	1.484	0.3614
12	11042921	3.047e-05	t	c	0.0176	1.502	0.3602
12	119195691	3.72e-05	a	c	0.3316	0.3685	0.0893
12	119197257	3.733e-05	a	g	0.3315	0.3684	0.0893
12	119203003	4.027e-05	a	g	0.6681	-0.3663	0.0892
12	119206495	3.8e-05	t	c	0.6684	-0.3674	0.0892
12	119206963	3.992e-05	t	g	0.3318	0.3667	0.0893
12	119208160	3.793e-05	a	g	0.3315	0.3679	0.0893
12	119208925	4.026e-05	t	c	0.332	0.3663	0.0892
12	119212539	3.878e-05	a	g	0.3315	0.3655	0.0888
12	119219659	1.366e-05	a	g	0.6854	-0.3872	0.089
12	119219830	2.576e-05	t	g	0.3121	0.3794	0.0902
12	119224670	4.843e-05	t	c	0.2708	0.4061	0.0999
12	119224889	4.919e-05	a	g	0.2707	0.4058	0.1
12	119226542	4.797e-05	t	g	0.2709	0.406	0.0999
12	119226689	4.782e-05	t	g	0.2709	0.4061	0.0999
12	119227447	4.752e-05	t	c	0.7291	-0.4062	0.0999
12	119228079	4.811e-05	a	g	0.7291	-0.406	0.0999
12	76408397	4.986e-05	a	g	0.8548	-0.5312	0.131
13	106033479	3.903e-05	a	g	0.9869	-1.461	0.3552
13	106034294	4.472e-05	a	t	0.9867	-1.46	0.3577
13	87413185	1.568e-05	a	g	0.127	0.5311	0.123
13	87414927	1.173e-05	a	c	0.7805	-0.4444	0.1014
13	87416403	4.899e-05	t	c	0.874	-0.5042	0.1242
13	87416722	1.071e-05	a	g	0.2194	0.4461	0.1013
13	87417499	1.071e-05	t	c	0.2194	0.4461	0.1013
13	87417925	1.071e-05	t	g	0.2194	0.4461	0.1013
13	87418080	1.071e-05	a	c	0.2194	0.4461	0.1013
13	87420612	4.771e-05	t	c	0.1259	0.505	0.1242
13	87420953	4.838e-05	a	c	0.1259	0.5046	0.1242
13	87421921	4.902e-05	t	c	0.126	0.5042	0.1242
13	87422090	4.902e-05	c	g	0.874	-0.5042	0.1242
13	87422516	4.902e-05	t	c	0.126	0.5042	0.1242
13	87422545	4.834e-05	t	c	0.874	-0.5046	0.1242
13	87423512	4.834e-05	t	c	0.874	-0.5046	0.1242
13	87424213	4.895e-05	a	c	0.874	-0.5042	0.1242
13	87425122	1.075e-05	t	c	0.7808	-0.4462	0.1014
13	87425170	4.895e-05	t	c	0.126	0.5042	0.1242
13	87425421	4.825e-05	c	g	0.126	0.5046	0.1242
13	87426114	1.065e-05	a	c	0.2192	0.4464	0.1014
13	87427110	4.765e-05	a	t	0.1259	0.505	0.1242
13	87427189	4.835e-05	a	g	0.8741	-0.5046	0.1242
13	87428693	4.783e-05	t	c	0.8741	-0.5049	0.1242
13	87430250	4.141e-05	t	c	0.874	-0.5088	0.1241
13	87430969	1.06e-05	a	g	0.7808	-0.4465	0.1014
13	87433311	1.058e-05	t	g	0.2192	0.4466	0.1014
13	87433773	1.058e-05	t	g	0.7808	-0.4466	0.1014
13	87438126	4.772e-05	c	g	0.1259	0.505	0.1242
13	87439615	9.623e-06	a	g	0.2192	0.4485	0.1013
13	87441135	4.704e-05	c	g	0.8741	-0.5054	0.1242
13	87441926	4.772e-05	t	c	0.8741	-0.505	0.1242
13	87442030	4.772e-05	a	c	0.1259	0.505	0.1242
13	87442910	4.704e-05	a	c	0.1259	0.5054	0.1242
13	87447138	2.22e-05	t	c	0.2168	0.4308	0.1016
13	87452035	2.145e-05	a	g	0.2168	0.4315	0.1015
13	87456381	2.138e-05	t	c	0.7832	-0.4315	0.1015
13	87456870	2.139e-05	a	g	0.7832	-0.4315	0.1015
13	87464550	2.138e-05	a	t	0.2168	0.4315	0.1015
13	87465533	2.138e-05	t	c	0.2168	0.4315	0.1015
13	87471720	2.139e-05	t	g	0.2167	0.4316	0.1016
13	87472935	2.588e-05	a	c	0.7834	-0.4275	0.1016
13	87473389	2.588e-05	a	t	0.7834	-0.4275	0.1016
13	87477827	2.588e-05	t	c	0.2166	0.4275	0.1016
13	87483788	2.087e-05	a	c	0.7832	-0.4324	0.1016
13	87561154	5.082e-06	t	c	0.0254	1.1063	0.2425
13	87943692	4.743e-06	t	c	0.0217	1.2222	0.2671
14	56329137	7.02e-06	t	c	0.9023	-0.6003	0.1336
14	56335382	9.158e-06	t	c	0.9013	-0.5873	0.1324
14	56336645	9.729e-06	a	g	0.0988	0.5837	0.132
14	56339907	1.391e-05	t	c	0.1096	0.5616	0.1293
14	56340117	1.172e-05	t	g	0.1092	0.5664	0.1292
14	56343792	9.227e-06	a	g	0.1083	0.5778	0.1303
14	56345118	1.261e-05	t	c	0.108	0.5709	0.1307
14	61875900	4.915e-05	a	g	0.0182	1.239	0.3052
14	73172028	1.812e-05	a	t	0.0122	1.5879	0.3704
15	48156544	4.008e-05	a	g	0.9831	-1.2554	0.3057
16	5494512	3.105e-05	t	c	0.0173	1.368	0.3284
16	62187354	2.457e-05	a	t	0.3082	0.4416	0.1047
16	62196040	2.09e-05	a	g	0.6921	-0.4457	0.1047
16	77016507	1.04e-05	t	g	0.4295	0.3954	0.0897
16	77016526	1.132e-05	a	c	0.5701	-0.3941	0.0898
16	77017152	1.387e-05	t	c	0.5694	-0.3899	0.0897
16	82826538	2.962e-05	a	g	0.0177	1.1913	0.2852
16	82828764	8.075e-06	a	g	0.0186	1.2638	0.2832
16	82937855	3.769e-05	t	c	0.0149	1.3245	0.3214
16	82941104	4.688e-05	a	g	0.9848	-1.3064	0.3209
17	34206	2.237e-05	a	g	0.2121	0.4747	0.112
17	45367	4.774e-05	t	c	0.2065	0.4541	0.1117
17	49663	3.862e-05	t	c	0.2057	0.4595	0.1117
17	50170	3.143e-05	a	g	0.2067	0.4665	0.1121
17	51696	1.223e-05	t	c	0.154	0.5268	0.1205
17	52287	8.086e-06	t	c	0.1821	0.5212	0.1168
17	52368	1.244e-05	t	c	0.8275	-0.514	0.1176
17	52467	6.996e-06	c	g	0.832	-0.5325	0.1185
17	71988153	2.244e-05	a	c	0.0857	0.7889	0.1861
17	71996462	3.856e-06	t	c	0.7914	-0.5347	0.1158
17	7300888	3.689e-05	a	c	0.9199	-0.7522	0.1823
17	7300939	3.689e-05	a	g	0.9199	-0.7522	0.1823
17	7301649	4.412e-05	c	g	0.0803	0.7467	0.1828
17	7303401	4.051e-05	t	c	0.0804	0.7499	0.1827
18	22666810	8.13e-06	t	c	0.2143	0.4923	0.1103
18	24986047	1.993e-05	t	c	0.9852	-1.4035	0.329
18	29506007	4.012e-05	a	g	0.0176	1.249	0.3041
18	29514107	4.012e-05	c	g	0.9823	-1.249	0.3041
18	31268235	4.577e-05	a	t	0.0151	1.2014	0.2947
18	31576007	2.738e-05	a	g	0.9638	-0.9146	0.2181
18	31649441	3.092e-05	a	g	0.9627	-0.9357	0.2246
18	31677370	2.501e-06	a	g	0.9751	-1.2375	0.2629
18	31682351	1.453e-05	a	g	0.9596	-0.9449	0.2179
18	31715772	1.485e-05	t	c	0.9106	-0.6692	0.1545
18	32094633	1.936e-05	c	g	0.9872	-1.523	0.3565
18	66438573	2.762e-05	a	g	0.9629	-0.8739	0.2085
1	101624530	2.898e-05	a	g	0.2446	0.4105	0.0982
1	101637185	3.157e-05	a	g	0.7555	-0.411	0.0988
1	101637364	3.185e-05	a	g	0.7556	-0.4106	0.0987
1	101644898	2.346e-05	a	g	0.1185	0.564	0.1334
1	101646809	3.597e-05	a	t	0.7554	-0.4089	0.099
1	101647626	2.626e-05	t	c	0.1183	0.562	0.1337
1	101647645	1.957e-05	a	c	0.2375	0.4264	0.0999
1	101647646	1.925e-05	a	g	0.2375	0.4271	0.0999
1	101652985	2.957e-05	t	c	0.7611	-0.4447	0.1065
1	101654925	2.914e-05	t	c	0.239	0.4451	0.1065
1	101655220	3.126e-05	t	c	0.2389	0.4436	0.1065
1	101658353	2.632e-05	t	c	0.7616	-0.4496	0.107
1	211937374	4.849e-06	a	c	0.059	0.8185	0.1791
1	211943384	4.62e-06	a	t	0.059	0.8203	0.179
1	211949806	4.585e-06	t	g	0.0589	0.8206	0.179
1	212009094	9.853e-06	a	c	0.0566	0.8115	0.1836
1	212012987	6.348e-06	t	c	0.9402	-0.8038	0.1781
1	212067143	1.554e-05	a	c	0.0609	0.7638	0.1768
1	212083193	1.007e-05	a	g	0.9394	-0.7851	0.1778
1	212095163	1.639e-05	t	c	0.061	0.77	0.1787
1	236037723	3.822e-05	a	t	0.0225	1.319	0.3203
1	38728091	4.051e-05	t	c	0.8853	-0.5909	0.144
1	38728250	4.487e-05	a	g	0.1148	0.587	0.1438
1	79882208	3.233e-05	t	c	0.0228	1.313	0.3159
20	19727276	3.847e-05	t	c	0.225	-0.5336	0.1296
20	19727915	4.775e-05	a	t	0.2263	-0.5245	0.129
20	19730620	4.924e-05	a	c	0.7736	0.5238	0.129
20	19730637	4.612e-06	a	g	0.6027	0.4847	0.1058
20	30306445	4.824e-05	t	c	0.1153	0.5843	0.1438
20	30407213	4.747e-05	t	c	0.8861	-0.5875	0.1444
20	30409584	4.423e-05	c	g	0.1134	0.59	0.1445
20	30439999	1.569e-05	a	g	0.9538	-0.9756	0.2259
20	30440157	1.413e-05	a	g	0.0442	0.9947	0.2291
20	30441472	1.686e-05	a	g	0.9537	-0.9716	0.2258
20	30445796	2.392e-05	a	g	0.9554	-0.9717	0.23
20	30460793	2.329e-05	t	c	0.0372	1.067	0.2522
20	30487483	1.976e-05	a	g	0.0377	1.078	0.2526
20	30509798	5.324e-06	a	g	0.0337	1.213	0.2665
20	58932417	2.853e-05	c	g	0.9832	-1.3043	0.3117
22	18483880	2.787e-05	a	g	0.0272	1.062	0.2535
22	18485492	4.14e-05	a	t	0.9726	-1.0401	0.2537
2	127922696	4.128e-05	t	c	0.7048	-0.4204	0.1025
2	128812754	4.22e-05	a	g	0.1184	0.5424	0.1325
2	128813261	4.344e-05	a	g	0.1186	0.5413	0.1324
2	176988015	4.807e-05	a	c	0.0151	1.2852	0.3162
2	176990573	2.681e-05	a	g	0.0195	1.1561	0.2753
2	177869769	1.902e-05	a	g	0.0152	1.592	0.3723
2	179509500	9.274e-06	a	g	0.0142	2.774	0.6257
2	179567848	2.612e-05	a	g	0.0117	2.848	0.6773
2	206608039	3.027e-05	t	c	0.021	1.1924	0.2859
2	224611340	4.271e-05	c	g	0.5006	-0.3908	0.0955
2	27323198	1.476e-05	t	c	0.9529	-0.9011	0.208
2	27516290	3.182e-05	t	c	0.0162	1.2365	0.2972
2	27518321	3.182e-05	c	g	0.0162	1.2365	0.2972
2	27538635	3.543e-05	a	g	0.0492	0.838	0.2026
2	27576652	2.809e-05	t	c	0.9456	-0.8134	0.1942
2	27735033	2.192e-05	a	g	0.0505	0.836	0.197
2	27927968	1.052e-05	a	g	0.052	0.8552	0.1941
2	27929023	2.49e-05	a	c	0.9519	-0.8508	0.2018
2	28268742	3.011e-05	t	c	0.0491	0.8566	0.2053
2	88900315	4.695e-05	t	c	0.0141	1.366	0.3356
2	89021448	4.831e-05	t	g	0.0107	1.673	0.4117
2	89044551	1.234e-05	t	c	0.9886	-1.659	0.3795
3	123083164	1.058e-05	t	c	0.9811	-1.351	0.3067
3	175557419	1.802e-05	a	c	0.0464	0.8437	0.1967
3	179829914	2.997e-05	t	c	0.0122	1.6943	0.4059
3	179960075	9.019e-06	a	g	0.0119	1.873	0.4219
3	186938386	1.326e-05	a	g	0.9829	-1.555	0.357
3	191125825	2.749e-05	a	g	0.0721	0.6651	0.1586
3	191127181	2.749e-05	t	g	0.0721	0.6651	0.1586
3	191138031	1.886e-05	t	c	0.072	0.6782	0.1585
3	191140134	2.803e-05	t	c	0.9274	-0.6665	0.1591
3	191140473	2.135e-05	a	g	0.0721	0.677	0.1593
3	191140855	2.816e-05	a	g	0.9275	-0.6661	0.1591
3	191141229	2.107e-05	a	t	0.9279	-0.6765	0.1591
3	191143130	4.982e-05	t	c	0.9091	-0.5873	0.1448
3	35212496	4.888e-05	a	g	0.7689	-0.4111	0.1012
3	35212502	4.888e-05	a	g	0.7689	-0.4111	0.1012
3	66378719	3.107e-06	c	g	0.0304	1.338	0.2869
4	121697705	4.029e-07	a	g	0.7372	-0.4869	0.0961
4	176756594	3.301e-05	a	t	0.9215	-0.6602	0.159
4	25754404	4.09e-05	t	c	0.024	1.1231	0.2738
4	25765511	4.393e-05	c	g	0.9762	-1.1183	0.2737
4	25913783	1.023e-05	t	c	0.8594	-0.5266	0.1194
4	28431296	3.638e-05	t	c	0.9865	-1.577	0.3819
4	34855432	3.444e-05	t	c	0.6231	0.4052	0.0978
4	34863395	4.111e-05	t	c	0.377	-0.4003	0.0976
4	34866660	1.558e-05	a	g	0.613	0.4185	0.0969
4	41221608	1.319e-05	c	g	0.8304	-0.6444	0.1479
4	94575465	4.845e-05	a	g	0.016	1.2061	0.2968
5	103030029	3.363e-05	t	c	0.0801	0.8075	0.1947
5	166972390	9.726e-06	a	c	0.982	-1.2914	0.292
5	171249710	4.281e-05	a	g	0.6718	-0.4636	0.1133
5	21366513	4.227e-05	a	t	0.0984	0.6407	0.1565
5	21385898	1.305e-05	a	c	0.8983	-0.666	0.1528
5	21387511	1.305e-05	a	g	0.1017	0.666	0.1528
5	21391093	1.113e-05	a	g	0.8986	-0.6714	0.1528
5	2297826	3.983e-05	a	g	0.0177	1.1725	0.2854
5	76750710	4.486e-05	a	g	0.9806	-1.2617	0.3092
5	76753103	4.503e-05	t	c	0.9805	-1.2614	0.3092
5	76762803	4.644e-05	c	g	0.0196	1.2565	0.3085
5	76765269	4.649e-05	t	c	0.9805	-1.2587	0.3091
5	76770337	4.361e-05	a	t	0.0196	1.2629	0.309
5	76777533	4.623e-05	t	c	0.0196	1.2569	0.3085
5	76778108	4.351e-05	t	c	0.0196	1.2632	0.309
5	76778344	4.612e-05	a	t	0.0196	1.2578	0.3087
5	76786892	4.269e-05	t	c	0.0196	1.2652	0.3092
5	76787984	3.175e-05	t	c	0.02	1.2743	0.3063
5	76789531	2.236e-05	t	c	0.98	-1.2917	0.3047
5	76790622	2.235e-05	t	c	0.02	1.2918	0.3047
5	76800767	2.421e-05	t	g	0.0201	1.281	0.3034
5	76803554	2.1e-05	a	g	0.0205	1.2819	0.3014
5	76809481	2.411e-05	a	g	0.9795	-1.2774	0.3025
5	76810704	1.664e-05	a	c	0.9801	-1.3248	0.3077
5	76811729	2.329e-05	t	c	0.9795	-1.2792	0.3024
5	76825992	4.231e-05	t	c	0.0214	1.2263	0.2995
5	76826836	4.418e-05	a	g	0.9783	-1.2183	0.2983
5	76831909	4.651e-05	t	c	0.0217	1.2141	0.2981
5	76850461	2.067e-05	a	t	0.9791	-1.3125	0.3083
5	76863729	1.85e-05	t	c	0.0206	1.3385	0.3126
5	76867790	3.04e-06	a	g	0.98	-1.5751	0.3374
5	76878688	2.13e-06	a	g	0.9818	-1.6382	0.3456
5	76883217	9.867e-07	a	c	0.0178	1.7233	0.3521
5	76883270	8.136e-07	t	c	0.0181	1.7272	0.3502
6	17258911	4.818e-05	a	t	0.746	-0.4262	0.1049
6	17267145	2.451e-05	a	g	0.2541	0.4429	0.105
6	17267619	2.752e-05	a	g	0.7456	-0.4396	0.1048
6	17268236	2.718e-05	t	g	0.2544	0.4399	0.1048
6	17269359	2.668e-05	t	c	0.7458	-0.4414	0.1051
6	17270465	2.4e-05	a	g	0.2541	0.4436	0.105
6	17270486	2.762e-05	t	g	0.2544	0.4398	0.1049
6	17273985	2.596e-05	t	c	0.7462	-0.4416	0.105
6	31785228	4.093e-05	c	g	0.7768	0.4757	0.116
6	31881309	4.087e-05	t	c	0.8618	-0.4874	0.1188
6	32581582	2.645e-05	c	g	0.4725	-0.3775	0.0898
6	32587300	4.035e-05	a	g	0.5296	-0.3675	0.0895
6	32628407	2.755e-05	t	c	0.7908	-0.4374	0.1043
6	32628698	4.151e-05	t	c	0.2067	0.4278	0.1044
6	32635998	1.515e-05	t	g	0.1797	0.4756	0.1099
6	32636543	1.69e-05	a	g	0.5374	-0.4337	0.1008
6	53758933	4.563e-05	a	g	0.0143	1.4026	0.344
6	57357727	1.071e-05	a	g	0.987	-1.546	0.3512
6	58739278	3.239e-06	t	c	0.0116	1.761	0.3783
6	62909145	2.521e-05	t	c	0.0112	1.777	0.4218
6	63510142	2.912e-05	t	c	0.9877	-1.619	0.3873
6	63881092	9.662e-06	t	c	0.9878	-1.784	0.4032
6	81527306	4.22e-05	a	g	0.9774	-1.1607	0.2834
6	90310966	7.829e-06	t	c	0.0532	0.7744	0.1732
6	90314779	1.438e-05	t	c	0.9458	-0.7504	0.173
6	92155307	4.692e-06	t	c	0.9843	-1.53	0.3342
6	92163353	4.23e-06	a	g	0.0156	1.54	0.3348
6	988956	3.526e-05	a	c	0.9888	-1.6	0.3868
7	101928319	3.257e-06	t	c	0.0484	1.022	0.2196
7	101947168	3.741e-05	a	g	0.0279	1.201	0.2913
7	109083337	2.843e-05	a	g	0.9727	-1.0085	0.2409
7	122648988	3.553e-05	t	c	0.9829	-1.2613	0.305
7	123039796	2.194e-05	t	c	0.8432	-0.509	0.1199
7	13273431	3.317e-05	t	c	0.0114	1.605	0.3867
7	137682534	3.786e-05	a	t	0.9687	-0.9708	0.2356
7	142866599	3.523e-05	a	g	0.9886	-1.4911	0.3604
7	146124207	2.342e-05	a	c	0.9778	-1.268	0.2998
7	157689217	6.659e-06	t	c	0.0184	1.513	0.3359
7	24163752	1.232e-05	a	g	0.7003	-0.4515	0.1033
7	24166303	1.308e-05	a	g	0.7072	-0.4571	0.1049
7	24166480	1.398e-05	a	g	0.7098	-0.4548	0.1047
7	24167145	1.488e-05	t	c	0.7107	-0.453	0.1046
7	24167695	7.967e-06	t	c	0.2909	0.4655	0.1042
7	24169296	1.38e-05	a	c	0.7016	-0.4462	0.1027
7	24169398	1.547e-05	a	g	0.2955	0.4428	0.1025
7	8862789	3.632e-05	t	c	0.9587	-0.9269	0.2244
7	90690650	1.753e-05	a	g	0.0274	1.1197	0.2608
7	93283499	1.285e-05	t	c	0.9836	-1.492	0.342
8	119798693	4.147e-05	a	g	0.0786	0.6183	0.1508
8	138245290	3.891e-05	t	c	0.0182	1.337	0.325
8	27417341	8.662e-06	a	g	0.0104	1.737	0.3905
9	75099004	4.957e-05	t	c	0.8866	-0.5427	0.1337
9	75192049	1.769e-05	t	c	0.1546	0.5017	0.1169
9	75192293	4.375e-05	c	g	0.1263	0.5172	0.1266
9	75195168	2.309e-05	t	c	0.1547	0.4941	0.1167
9	75195893	2.062e-05	a	c	0.1544	0.4968	0.1167
9	75202149	1.98e-05	a	c	0.8455	-0.4978	0.1167
9	75208895	2.407e-05	a	g	0.1547	0.4918	0.1165
9	75211525	2.293e-05	t	c	0.1546	0.494	0.1167
9	75212196	2.274e-05	t	c	0.1546	0.4942	0.1167
9	75213233	2.777e-05	t	c	0.8453	-0.4891	0.1167
9	75215245	2.588e-05	t	c	0.1546	0.4913	0.1168
9	75216178	2.42e-05	t	g	0.8455	-0.4928	0.1167
9	75218610	2.419e-05	t	c	0.1545	0.4928	0.1167
9	75224795	2.442e-05	t	g	0.8455	-0.4926	0.1167
9	75225408	2.434e-05	a	c	0.1545	0.4927	0.1167
9	75228269	2.838e-05	t	c	0.1532	0.4902	0.1171
9	82363173	4.655e-05	t	c	0.9858	-1.33	0.3266
9	82363384	4.51e-05	t	c	0.9859	-1.3326	0.3266
9	82368381	4.115e-05	t	c	0.0138	1.3381	0.3263
9	82370405	4.115e-05	a	t	0.9862	-1.3381	0.3263
9	82386078	2.817e-05	c	g	0.0138	1.3423	0.3205
9	82390331	2.783e-05	a	g	0.0139	1.3427	0.3204
9	82402527	2.04e-05	a	g	0.9862	-1.3615	0.3196
9	82416208	2.196e-05	t	c	0.9855	-1.468	0.3459
9	82421342	2.105e-05	a	g	0.985	-1.467	0.3449
